{
  "threshold": 0.5118623971939087,
  "negative_max": 0.4118623971939087,
  "positive_min": 0.6118623971939087
}