{
  "accuracy": 0.9671567094150766,
  "class_names": [
    "Elbow",
    "Finger",
    "Forearm",
    "Hand",
    "Humerus",
    "Shoulder",
    "Wrist"
  ],
  "classification_report": {
    "Elbow": {
      "precision": 0.9542619542619543,
      "recall": 0.9870967741935484,
      "f1-score": 0.9704016913319239,
      "support": 465.0
    },
    "Finger": {
      "precision": 0.9864559819413092,
      "recall": 0.9479392624728851,
      "f1-score": 0.9668141592920354,
      "support": 461.0
    },
    "Forearm": {
      "precision": 0.981203007518797,
      "recall": 0.867109634551495,
      "f1-score": 0.9206349206349206,
      "support": 301.0
    },
    "Hand": {
      "precision": 0.9399585921325052,
      "recall": 0.9869565217391304,
      "f1-score": 0.9628844114528102,
      "support": 460.0
    },
    "Humerus": {
      "precision": 0.974910394265233,
      "recall": 0.9444444444444444,
      "f1-score": 0.9594356261022927,
      "support": 288.0
    },
    "Shoulder": {
      "precision": 0.9756944444444444,
      "recall": 0.9982238010657194,
      "f1-score": 0.9868305531167691,
      "support": 563.0
    },
    "Wrist": {
      "precision": 0.9671150971599403,
      "recall": 0.9817905918057663,
      "f1-score": 0.9743975903614458,
      "support": 659.0
    },
    "accuracy": 0.9671567094150766,
    "macro avg": {
      "precision": 0.9685142102463119,
      "recall": 0.9590801471818555,
      "f1-score": 0.9630569931845997,
      "support": 3197.0
    },
    "weighted avg": {
      "precision": 0.9676665901938918,
      "recall": 0.9671567094150766,
      "f1-score": 0.966846145778158,
      "support": 3197.0
    }
  },
  "confusion_matrix": [
    [
      459,
      0,
      1,
      0,
      0,
      4,
      1
    ],
    [
      0,
      437,
      0,
      21,
      0,
      1,
      2
    ],
    [
      14,
      2,
      261,
      0,
      6,
      4,
      14
    ],
    [
      0,
      1,
      0,
      454,
      0,
      0,
      5
    ],
    [
      8,
      1,
      2,
      0,
      272,
      5,
      0
    ],
    [
      0,
      0,
      0,
      0,
      1,
      562,
      0
    ],
    [
      0,
      2,
      2,
      8,
      0,
      0,
      647
    ]
  ]
}