head,label,auc,average_precision,threshold,precision,recall,sensitivity,specificity,f1,tp,tn,fp,fn
normal_gate,No Finding,0.8983828671328671,0.47652124390990125,0.5,0.5,0.5769230769230769,0.5769230769230769,0.9147727272727273,0.5357142857142857,15,161,15,11
finding_head,Cardiomegaly,0.8500445632798574,0.7240617533821944,0.545,0.6825396825396826,0.6515151515151515,0.6515151515151515,0.8529411764705882,0.6666666666666666,43,116,20,23
finding_head,Lung Opacity,0.9275012569130215,0.9470788769892946,0.925,0.8928571428571429,0.8547008547008547,0.8547008547008547,0.8588235294117647,0.8733624454148472,100,73,12,17
finding_head,Pneumonia,0.8762886597938144,0.16375464812964813,0.9,0.21428571428571427,0.375,0.375,0.9432989690721649,0.2727272727272727,3,183,11,5
finding_head,Consolidation,0.8751838235294117,0.5072370548749545,0.445,0.47368421052631576,0.5625,0.5625,0.8823529411764706,0.5142857142857142,18,150,20,14
finding_head,Edema,0.9352678571428571,0.8067902457020956,0.92,0.8055555555555556,0.6904761904761905,0.6904761904761905,0.95625,0.7435897435897436,29,153,7,13
finding_head,Pleural Effusion,0.9031929347826088,0.8389246381185389,0.79,0.7586206896551724,0.6875,0.6875,0.8985507246376812,0.7213114754098361,44,124,14,20
finding_head,Pneumothorax,0.8285714285714285,0.33686333507762084,0.9,0.4,0.2857142857142857,0.2857142857142857,0.9846153846153847,0.3333333333333333,2,192,3,5
finding_head,Atelectasis,0.8416797900262467,0.6817174980810091,0.9,0.43529411764705883,0.9866666666666667,0.9866666666666667,0.2440944881889764,0.6040816326530613,74,31,96,1
